nota,0,1
0.0,100.0,0.0
0.15,100.0,0.0
0.25,100.0,0.0
0.35,100.0,0.0
0.38,100.0,0.0
0.4,100.0,0.0
0.45,100.0,0.0
0.5,100.0,0.0
0.55,100.0,0.0
0.56,100.0,0.0
0.6,100.0,0.0
0.62,100.0,0.0
0.65,100.0,0.0
0.69,100.0,0.0
0.7,100.0,0.0
0.75,93.33333333333333,6.666666666666667
0.8,100.0,0.0
0.85,100.0,0.0
0.88,81.81818181818183,18.181818181818183
0.9,100.0,0.0
0.95,90.9090909090909,9.090909090909092
1.0,81.81818181818183,18.181818181818183
