nota,0,1
0.0,93.33333333333333,6.666666666666667
0.15,0.0,100.0
0.25,0.0,100.0
0.35,0.0,100.0
0.38,0.0,100.0
0.4,25.0,75.0
0.45,0.0,100.0
0.5,14.285714285714285,85.71428571428571
0.55,0.0,100.0
0.56,0.0,100.0
0.6,0.0,100.0
0.62,0.0,100.0
0.65,0.0,100.0
0.69,33.33333333333333,66.66666666666666
0.7,14.285714285714285,85.71428571428571
0.75,20.0,80.0
0.8,11.11111111111111,88.88888888888889
0.85,0.0,100.0
0.88,0.0,100.0
0.9,12.5,87.5
0.95,0.0,100.0
1.0,4.545454545454546,95.45454545454545
